{
  "start_time": "2026-03-07T03:47:28.570929",
  "requests_processed": 0,
  "last_request": null,
  "uptime_seconds": 4083.246738
}